{"cameraMode":{"drawMode":0,"name":"Shaded","section":"Shading Mode"},"sceneLighting":false,"audioPlay":false,"sceneViewState":{"m_AlwaysRefresh":false,"showFog":true,"showSkybox":false,"showFlares":true,"showImageEffects":true,"showParticleSystems":true,"showVisualEffectGraphs":true,"m_FxEnabled":true},"in2DMode":false,"pivot":{"x":0.9980000257492065,"y":2.890599012374878,"z":3.211066961288452},"rotation":{"x":-0.030451565980911256,"y":0.7393361330032349,"z":-0.03353092819452286,"w":-0.6718583106994629},"size":0.13645952939987184,"orthographic":false}